<customapi uniquename="meaf_mergepdfs">
  <allowedcustomprocessingsteptype>0</allowedcustomprocessingsteptype>
  <bindingtype>0</bindingtype>
  <description default="MergePdfs">
    <label description="MergePdfs" languagecode="1033" />
  </description>
  <displayname default="MergePdfs">
    <label description="MergePdfs" languagecode="1033" />
  </displayname>
  <iscustomizable>1</iscustomizable>
  <isfunction>0</isfunction>
  <isprivate>0</isprivate>
  <name>meaf_mergepdfs</name>
  <plugintypeid>
    <plugintypeexportkey>A4BE2E4318462739CAF7FACF4DAD83C9508F8733755EAC67E97880A5D69F3F1B</plugintypeexportkey>
  </plugintypeid>
  <workflowsdkstepenabled>0</workflowsdkstepenabled>
</customapi>