{
  "properties": {
    "connectionReferences": {
      "shared_commondataserviceforapps": {
        "api": {
          "name": "shared_commondataserviceforapps"
        },
        "connection": {
          "connectionReferenceLogicalName": "meaf_sharedcommondataserviceforapps_7eaf6"
        },
        "runtimeSource": "embedded"
      },
      "shared_onedriveforbusiness": {
        "api": {
          "name": "shared_onedriveforbusiness"
        },
        "connection": {
          "connectionReferenceLogicalName": "meaf_sharedonedriveforbusiness_91ef9"
        },
        "runtimeSource": "invoker"
      }
    },
    "definition": {
      "$schema": "https://schema.management.azure.com/providers/Microsoft.Logic/schemas/2016-06-01/workflowdefinition.json#",
      "contentVersion": "1.0.0.0",
      "parameters": {
        "$authentication": {
          "defaultValue": {},
          "type": "SecureObject"
        },
        "$connections": {
          "defaultValue": {},
          "type": "Object"
        }
      },
      "triggers": {
        "manual": {
          "type": "Request",
          "kind": "Button",
          "inputs": {
            "schema": {
              "type": "object",
              "properties": {
                "file": {
                  "title": "Doc1",
                  "type": "object",
                  "x-ms-dynamically-added": true,
                  "description": "Please select file or image",
                  "x-ms-content-hint": "FILE",
                  "properties": {
                    "name": {
                      "type": "string"
                    },
                    "contentBytes": {
                      "type": "string",
                      "format": "byte"
                    }
                  }
                },
                "file_1": {
                  "title": "Doc2",
                  "type": "object",
                  "x-ms-dynamically-added": true,
                  "description": "Please select file or image",
                  "x-ms-content-hint": "FILE",
                  "properties": {
                    "name": {
                      "type": "string"
                    },
                    "contentBytes": {
                      "type": "string",
                      "format": "byte"
                    }
                  }
                },
                "file_2": {
                  "title": "Doc3",
                  "type": "object",
                  "x-ms-dynamically-added": true,
                  "description": "Please select file or image",
                  "x-ms-content-hint": "FILE",
                  "properties": {
                    "name": {
                      "type": "string"
                    },
                    "contentBytes": {
                      "type": "string",
                      "format": "byte"
                    }
                  }
                }
              },
              "required": []
            }
          },
          "metadata": {
            "operationMetadataId": "f2ee56f5-bd15-4117-b777-c39842dd8ede"
          }
        }
      },
      "actions": {
        "Merge_Docs": {
          "type": "OpenApiConnection",
          "inputs": {
            "parameters": {
              "actionName": "meaf_MergeWordDocs",
              "item/meaf_docs": [
                "@string(triggerBody()['file']['contentBytes'])",
                "@string(triggerBody()['file_1']['contentBytes'])",
                "@string(triggerBody()['file_2']['contentBytes'])"
              ]
            },
            "host": {
              "apiId": "/providers/Microsoft.PowerApps/apis/shared_commondataserviceforapps",
              "operationId": "PerformUnboundAction",
              "connectionName": "shared_commondataserviceforapps"
            },
            "retryPolicy": {
              "type": "none"
            }
          },
          "runAfter": {},
          "metadata": {
            "operationMetadataId": "427954af-5324-4fce-8416-e5a518c2de2a"
          }
        },
        "Create_file": {
          "type": "OpenApiConnection",
          "inputs": {
            "parameters": {
              "folderPath": "/",
              "name": "MergedDoc@{utcNow()}.docx",
              "body": "@base64ToBinary(outputs('Merge_Docs')?['body/meaf_MergedDoc'])"
            },
            "host": {
              "apiId": "/providers/Microsoft.PowerApps/apis/shared_onedriveforbusiness",
              "operationId": "CreateFile",
              "connectionName": "shared_onedriveforbusiness"
            }
          },
          "runAfter": {
            "Merge_Docs": [
              "Succeeded"
            ]
          },
          "runtimeConfiguration": {
            "contentTransfer": {
              "transferMode": "Chunked"
            }
          },
          "metadata": {
            "operationMetadataId": "b8ba6287-975d-4989-b944-3c1a17579529"
          }
        }
      }
    },
    "templateName": null
  },
  "schemaVersion": "1.0.0.0"
}