<customapi uniquename="meaf_FuzzySearch">
  <allowedcustomprocessingsteptype>0</allowedcustomprocessingsteptype>
  <bindingtype>0</bindingtype>
  <description default="FuzzySearch">
    <label description="FuzzySearch" languagecode="1033" />
  </description>
  <displayname default="FuzzySearch">
    <label description="FuzzySearch" languagecode="1033" />
  </displayname>
  <iscustomizable>1</iscustomizable>
  <isfunction>0</isfunction>
  <isprivate>0</isprivate>
  <name>meaf_FuzzySearch</name>
  <plugintypeid>
    <plugintypeexportkey>CE2F09329A26F988F8E10A8C7F44BFF50C16A091FFD2FFE3B55A09DC3C8E8BFF</plugintypeexportkey>
  </plugintypeid>
  <workflowsdkstepenabled>0</workflowsdkstepenabled>
</customapi>