{
  "properties": {
    "connectionReferences": {
      "shared_commondataserviceforapps_1": {
        "runtimeSource": "embedded",
        "connection": {
          "connectionReferenceLogicalName": "meaf_sharedcommondataserviceforapps_08a6a"
        },
        "api": {
          "name": "shared_commondataserviceforapps"
        }
      }
    },
    "definition": {
      "$schema": "https://schema.management.azure.com/providers/Microsoft.Logic/schemas/2016-06-01/workflowdefinition.json#",
      "contentVersion": "1.0.0.0",
      "parameters": {
        "$connections": {
          "defaultValue": {},
          "type": "Object"
        },
        "$authentication": {
          "defaultValue": {},
          "type": "SecureObject"
        }
      },
      "triggers": {
        "manual": {
          "metadata": {
            "operationMetadataId": "70442661-34bd-4f82-af8a-0f208d928346"
          },
          "type": "Request",
          "kind": "Button",
          "inputs": {
            "schema": {
              "type": "object",
              "properties": {
                "text": {
                  "title": "searchTerm",
                  "type": "string",
                  "x-ms-dynamically-added": true,
                  "description": "Please enter your input",
                  "x-ms-content-hint": "TEXT"
                }
              },
              "required": [
                "text"
              ]
            }
          }
        }
      },
      "actions": {
        "Perform_an_unbound_action": {
          "runAfter": {},
          "metadata": {
            "operationMetadataId": "ac2498ab-6759-4961-a342-1239a447e71d"
          },
          "type": "OpenApiConnection",
          "inputs": {
            "host": {
              "connectionName": "shared_commondataserviceforapps_1",
              "operationId": "PerformUnboundAction",
              "apiId": "/providers/Microsoft.PowerApps/apis/shared_commondataserviceforapps"
            },
            "parameters": {
              "actionName": "meaf_FuzzySearch",
              "item/meaf_entity": "account",
              "item/meaf_searchTerm": "@triggerBody()['text']",
              "item/meaf_selectColumns": [
                "name"
              ]
            },
            "authentication": {
              "type": "Raw",
              "value": "@json(decodeBase64(triggerOutputs().headers['X-MS-APIM-Tokens']))['$ConnectionKey']"
            }
          }
        },
        "Compose": {
          "runAfter": {
            "Perform_an_unbound_action": [
              "Succeeded"
            ]
          },
          "metadata": {
            "operationMetadataId": "e1b94ec0-c43b-43c8-93fb-11ec76882f30"
          },
          "type": "Compose",
          "inputs": "@body('Perform_an_unbound_action')"
        }
      },
      "outputs": {}
    },
    "templateName": ""
  },
  "schemaVersion": "1.0.0.0"
}