{
  "properties": {
    "connectionReferences": {
      "shared_commondataserviceforapps-1": {
        "api": {
          "name": "shared_commondataserviceforapps"
        },
        "connection": {
          "connectionReferenceLogicalName": "meaf_sharedcommondataserviceforapps_7ffb5"
        },
        "runtimeSource": "embedded"
      },
      "shared_onedriveforbusiness-1": {
        "api": {
          "name": "shared_onedriveforbusiness"
        },
        "connection": {
          "connectionReferenceLogicalName": "meaf_sharedonedriveforbusiness_b6fe5"
        },
        "runtimeSource": "invoker"
      }
    },
    "definition": {
      "$schema": "https://schema.management.azure.com/providers/Microsoft.Logic/schemas/2016-06-01/workflowdefinition.json#",
      "contentVersion": "1.0.0.0",
      "parameters": {
        "$authentication": {
          "defaultValue": {},
          "type": "SecureObject"
        },
        "$connections": {
          "defaultValue": {},
          "type": "Object"
        }
      },
      "triggers": {
        "manual": {
          "type": "Request",
          "kind": "Button",
          "inputs": {
            "schema": {
              "type": "object",
              "properties": {
                "text": {
                  "title": "Data Json",
                  "type": "string",
                  "x-ms-dynamically-added": true,
                  "description": "Please enter your input",
                  "x-ms-content-hint": "TEXT"
                },
                "text_2": {
                  "title": "Mapping Json",
                  "type": "string",
                  "x-ms-dynamically-added": true,
                  "description": "Please enter your input",
                  "x-ms-content-hint": "TEXT"
                }
              },
              "required": [
                "text",
                "text_2"
              ]
            }
          },
          "metadata": {
            "operationMetadataId": "31c8a78c-e82b-4de7-9d82-d04c2568e739"
          }
        }
      },
      "actions": {
        "ExportToExcel": {
          "type": "OpenApiConnection",
          "inputs": {
            "parameters": {
              "actionName": "meaf_ExportToExcel",
              "item/meaf_DataJson": "@triggerBody()['text']",
              "item/meaf_MappingJson": "@triggerBody()['text_2']"
            },
            "host": {
              "apiId": "/providers/Microsoft.PowerApps/apis/shared_commondataserviceforapps",
              "operationId": "PerformUnboundAction",
              "connectionName": "shared_commondataserviceforapps-1"
            },
            "retryPolicy": {
              "type": "none"
            }
          },
          "runAfter": {},
          "metadata": {
            "operationMetadataId": "e8f44cbf-efab-48ab-a665-9079a134264d"
          }
        },
        "Create_file": {
          "type": "OpenApiConnection",
          "inputs": {
            "parameters": {
              "folderPath": "/",
              "name": "generatedExcel@{utcNow()}.xlsx",
              "body": "@base64ToBinary(outputs('ExportToExcel')?['body/meaf_GeneratedExcelBase64'])"
            },
            "host": {
              "apiId": "/providers/Microsoft.PowerApps/apis/shared_onedriveforbusiness",
              "operationId": "CreateFile",
              "connectionName": "shared_onedriveforbusiness-1"
            }
          },
          "runAfter": {
            "ExportToExcel": [
              "Succeeded"
            ]
          },
          "runtimeConfiguration": {
            "contentTransfer": {
              "transferMode": "Chunked"
            }
          },
          "metadata": {
            "operationMetadataId": "62841949-2d1d-4e6f-ba03-ec6e6c810b18"
          }
        }
      }
    },
    "templateName": null
  },
  "schemaVersion": "1.0.0.0"
}