<customapi uniquename="meaf_ExportToExcel">
  <allowedcustomprocessingsteptype>0</allowedcustomprocessingsteptype>
  <bindingtype>0</bindingtype>
  <description default="ExportToExcel">
    <label description="ExportToExcel" languagecode="1033" />
  </description>
  <displayname default="ExportToExcel">
    <label description="ExportToExcel" languagecode="1033" />
  </displayname>
  <iscustomizable>1</iscustomizable>
  <isfunction>0</isfunction>
  <isprivate>0</isprivate>
  <name>meaf_ExportToExcel</name>
  <plugintypeid>
    <plugintypeexportkey>D3CF49A557C49E10BF782D490CEA5F7BE5BD7A82247EB0065B01B762CD0E9D02</plugintypeexportkey>
  </plugintypeid>
  <workflowsdkstepenabled>0</workflowsdkstepenabled>
</customapi>