<customapi uniquename="meaf_MergeWordDocs">
  <allowedcustomprocessingsteptype>0</allowedcustomprocessingsteptype>
  <bindingtype>0</bindingtype>
  <description default="MergeDocs">
    <label description="MergeDocs" languagecode="1033" />
  </description>
  <displayname default="MergeWordDocs">
    <label description="MergeWordDocs" languagecode="1033" />
  </displayname>
  <iscustomizable>1</iscustomizable>
  <isfunction>0</isfunction>
  <isprivate>0</isprivate>
  <name>meaf_MergeWordDocs</name>
  <plugintypeid>
    <plugintypeexportkey>FA2E68210B3D53AB2BBFFD6FDE2BAD51F3AE4CB47D16F7D1961D06CCA6EBB18C</plugintypeexportkey>
  </plugintypeid>
  <workflowsdkstepenabled>0</workflowsdkstepenabled>
</customapi>